
UPDATE `creature_template` SET `AIName`="SmartAI" WHERE `entry`=128;

SET
@ENTRY          := 128,
@TEXT_ID        := 300000,
@GOSSIP_MENU    := 50000;

-- Teleporter Item


REPLACE INTO `item_template` (`entry`, `class`, `subclass`, `SoundOverrideSubclass`, `name`, `displayid`, `Quality`, `Flags`, `FlagsExtra`, `BuyCount`, `BuyPrice`, `SellPrice`, `InventoryType`, `AllowableClass`, `AllowableRace`, `ItemLevel`, `RequiredLevel`, `RequiredSkill`, `RequiredSkillRank`, `requiredspell`, `requiredhonorrank`, `RequiredCityRank`, `RequiredReputationFaction`, `RequiredReputationRank`, `maxcount`, `stackable`, `ContainerSlots`, `StatsCount`, `stat_type1`, `stat_value1`, `stat_type2`, `stat_value2`, `stat_type3`, `stat_value3`, `stat_type4`, `stat_value4`, `stat_type5`, `stat_value5`, `stat_type6`, `stat_value6`, `stat_type7`, `stat_value7`, `stat_type8`, `stat_value8`, `stat_type9`, `stat_value9`, `stat_type10`, `stat_value10`, `ScalingStatDistribution`, `ScalingStatValue`, `dmg_min1`, `dmg_max1`, `dmg_type1`, `dmg_min2`, `dmg_max2`, `dmg_type2`, `armor`, `holy_res`, `fire_res`, `nature_res`, `frost_res`, `shadow_res`, `arcane_res`, `delay`, `ammo_type`, `RangedModRange`, `spellid_1`, `spelltrigger_1`, `spellcharges_1`, `spellppmRate_1`, `spellcooldown_1`, `spellcategory_1`, `spellcategorycooldown_1`, `spellid_2`, `spelltrigger_2`, `spellcharges_2`, `spellppmRate_2`, `spellcooldown_2`, `spellcategory_2`, `spellcategorycooldown_2`, `spellid_3`, `spelltrigger_3`, `spellcharges_3`, `spellppmRate_3`, `spellcooldown_3`, `spellcategory_3`, `spellcategorycooldown_3`, `spellid_4`, `spelltrigger_4`, `spellcharges_4`, `spellppmRate_4`, `spellcooldown_4`, `spellcategory_4`, `spellcategorycooldown_4`, `spellid_5`, `spelltrigger_5`, `spellcharges_5`, `spellppmRate_5`, `spellcooldown_5`, `spellcategory_5`, `spellcategorycooldown_5`, `bonding`, `description`, `PageText`, `LanguageID`, `PageMaterial`, `startquest`, `lockid`, `Material`, `sheath`, `RandomProperty`, `RandomSuffix`, `block`, `itemset`, `MaxDurability`, `area`, `Map`, `BagFamily`, `TotemCategory`, `socketColor_1`, `socketContent_1`, `socketColor_2`, `socketContent_2`, `socketColor_3`, `socketContent_3`, `socketBonus`, `GemProperties`, `RequiredDisenchantSkill`, `ArmorDamageModifier`, `duration`, `ItemLimitCategory`, `HolidayId`, `ScriptName`, `DisenchantID`, `FoodType`, `minMoneyLoot`, `maxMoneyLoot`, `flagsCustom`, `VerifiedBuild`) VALUES 
(30427, 15, 0, -1, 'Pocket Teleport', 23229, 6, 0, 0, 1, 0, 0, 0, -1, -1, 1, 0, 0, 0, 0, 0, 0, 0, 0, 1, 1, 0, 0, 0, 0, 0, 0, 0, 0, 0, 0, 0, 0, 0, 0, 0, 0, 0, 0, 0, 0, 0, 0, 0, 0, 0, 0, 0, 0, 0, 0, 0, 0, 0, 0, 0, 0, 0, 0, 0, 0, 897, 0, 0, 0, -1, 1193, -1, 0, 0, 0, 0, -1, 0, -1, 0, 0, 0, 0, -1, 0, -1, 0, 0, 0, 0, -1, 0, -1, 0, 0, 0, 0, -1, 0, -1, 1, '|cff00FF00Te lleva a todas partes.|r', 0, 0, 0, 0, 0, -1, 1, 0, 0, 0, 0, 0, 0, 0, 0, 0, 0, 0, 0, 0, 0, 0, 0, 0, -1, 0, 0, 0, 0, '', 0, 0, 0, 0, 0, 12340);


-- Traduciendo el teleport de Bolsillo

REPLACE INTO `item_template_locale` (`ID`, `locale`, `Name`, `Description`, `VerifiedBuild`) VALUES
(30427, 'esES', 'Teleport de Bolsillo', '', 15050),
(30427, 'esMX', 'Teleport de Bolsillo', '', 15050);


-- Teleporter

REPLACE INTO `creature_template`(`entry`,`difficulty_entry_1`,`difficulty_entry_2`,`difficulty_entry_3`,`KillCredit1`,`KillCredit2`,`modelid1`,`modelid2`,`modelid3`,`modelid4`,`name`,`subname`,`IconName`,`gossip_menu_id`,`minlevel`,`maxlevel`,`exp`,`faction`,`npcflag`,`speed_walk`,`speed_run`,`speed_swim`,`speed_flight`,`detection_range`,`scale`,`rank`,`dmgschool`,`DamageModifier`,`BaseAttackTime`,`RangeAttackTime`,`BaseVariance`,`RangeVariance`,`unit_class`,`unit_flags`,`unit_flags2`,`dynamicflags`,`family`,`trainer_type`,`trainer_spell`,`trainer_class`,`trainer_race`,`type`,`type_flags`,`lootid`,`pickpocketloot`,`skinloot`,`PetSpellDataId`,`VehicleId`,`mingold`,`maxgold`,`AIName`,`MovementType`,`HoverHeight`,`HealthModifier`,`ManaModifier`,`ArmorModifier`,`ExperienceModifier`,`RacialLeader`,`movementId`,`RegenHealth`,`mechanic_immune_mask`,`spell_school_immune_mask`,`flags_extra`,`ScriptName`,`VerifiedBuild`) values
(128,0,0,0,0,0,29133,0,0,0,'Teleport de Bolsillo','','Directions',50000,80,83,0,35,3,1,1.14286,1,1,20,0.15,1,0,1,0,0,1,1,1,2,0,0,0,0,0,0,0,7,138936390,0,0,0,0,0,0,0,'SmartAI',0,3,1.56,1.56,1.56,1,0,0,1,0,0,2,'',0);


-- Gossip header text link to menus

REPLACE INTO gossip_menu (MenuID, TextID) VALUES
(@GOSSIP_MENU +4, @TEXT_ID+3),
(@GOSSIP_MENU +3, @TEXT_ID+2),
(@GOSSIP_MENU +2, @TEXT_ID+2),
(@GOSSIP_MENU +1, @TEXT_ID+2),
(@GOSSIP_MENU +8, @TEXT_ID+4),
(@GOSSIP_MENU +7, @TEXT_ID+4),
(@GOSSIP_MENU +6, @TEXT_ID+4),
(@GOSSIP_MENU +5, @TEXT_ID+4),
(@GOSSIP_MENU , @TEXT_ID+1),
(@GOSSIP_MENU , @TEXT_ID);

REPLACE INTO npc_text (ID, text0_0, em0_1) VALUES
(@TEXT_ID+4, '$BDonde quieres ir?$B', 0),
(@TEXT_ID+3, '$BTen cuidado donde vas, no estare ahi para ayudarte.$B', 0),
(@TEXT_ID+2, '$BListo para explorar mazmorras?$B', 0),
(@TEXT_ID+1, '$B Por la alianza!$B', 6),
(@TEXT_ID, '$B Por la horda!$B', 6);

REPLACE INTO conditions (SourceTypeOrReferenceId, SourceGroup, SourceEntry, ConditionTypeOrReference, ConditionValue1, Comment) VALUES
(15, @GOSSIP_MENU, 1, 6, 469, 'Ventormenta'),
(15, @GOSSIP_MENU+5, 2, 6, 469, 'Dun Morogh'),
(15, @GOSSIP_MENU+5, 3, 6, 67, 'Claros de Tirisfal'),
(15, @GOSSIP_MENU+5, 4, 6, 67, 'Tierras fantasma'),
(15, @GOSSIP_MENU+5, 5, 6, 469, 'Loch modan'),
(15, @GOSSIP_MENU+5, 6, 6, 67, 'Bosque de Argénteos'),
(15, @GOSSIP_MENU+5, 7, 6, 469, 'Páramos de Poniente'),
(15, @GOSSIP_MENU+5, 8, 6, 469, 'Montañas Crestagrana'),
(15, @GOSSIP_MENU+5, 9, 6, 469, 'Bosque del Ocaso'),
(15, @GOSSIP_MENU+5, 11, 6, 469, 'Humedales'),
(15, @GOSSIP_MENU+6, 0, 6, 469, 'Isla Bruma Azur'),
(15, @GOSSIP_MENU+6, 1, 6, 469, 'Teldrassil'),
(15, @GOSSIP_MENU+6, 2, 6, 67, 'Durotar'),
(15, @GOSSIP_MENU+6, 3, 6, 67, 'Mulgore'),
(15, @GOSSIP_MENU+6, 4, 6, 469, 'Isla Bruma de Sangre'),
(15, @GOSSIP_MENU+6, 5, 6, 469, 'Costa Oscura'),
(15, @GOSSIP_MENU+6, 6, 6, 67, 'Los Baldíos'),
(15, @GOSSIP_MENU+5, 1, 6, 67, 'Bosque Canción Eterna'),
(15, @GOSSIP_MENU+5, 0, 6, 469, 'Bosque de Elwynn'),
(15, @GOSSIP_MENU+4, 22, 6, 67, 'Zul\'Aman'),
(15, @GOSSIP_MENU, 2, 6, 67, 'Orgrimmar'),
(15, @GOSSIP_MENU, 3, 6, 469, 'Darnassus'),
(15, @GOSSIP_MENU, 4, 6, 469, 'Forjaz'),
(15, @GOSSIP_MENU, 5, 6, 469, 'Exodar'),
(15, @GOSSIP_MENU, 6, 6, 67, 'Cima del trueno'),
(15, @GOSSIP_MENU, 7, 6, 67, 'Entrañas'),
(15, @GOSSIP_MENU, 8, 6, 67, 'Lunargenta'),
(15, @GOSSIP_MENU+1, 0, 6, 469, 'Gnomeregan'),
(15, @GOSSIP_MENU+1, 1, 6, 469, 'Minas de la muerte'),
(15, @GOSSIP_MENU+1, 2, 6, 469, 'Las Mazmorras'),
(15, @GOSSIP_MENU+1, 3, 6, 67, 'Sima Ígnea'),
(15, @GOSSIP_MENU+1, 4, 6, 67, 'Zahúrda Rojocieno'),
(15, @GOSSIP_MENU+1, 5, 6, 67, 'Horado Rajacieno'),
(15, @GOSSIP_MENU+1, 6, 6, 67, 'Monasterio Escarlata'),
(15, @GOSSIP_MENU+1, 7, 6, 67, 'Castillo Colmillo Oscuro'),
(15, @GOSSIP_MENU+1, 8, 6, 67, 'Cuevas de los Lamentos'),
(15, @GOSSIP_MENU+6, 9, 6, 67, 'Las Mil Agujas'),
(14, @GOSSIP_MENU, @TEXT_ID+1, 6, 469, 'Por la Alianza'),
(14, @GOSSIP_MENU, @TEXT_ID, 6, 67, 'Por la Horda');

REPLACE INTO conditions (SourceTypeOrReferenceId, SourceGroup, SourceEntry, ConditionTypeOrReference, ConditionValue1, ConditionValue2, ConditionValue3, Comment) VALUES
(15, @GOSSIP_MENU+8, 9, 27, 77, 3, 0, 'Portal Master - Level req'),
(15, @GOSSIP_MENU+8, 8, 27, 77, 3, 0, 'Portal Master - Level req'),
(15, @GOSSIP_MENU+8, 7, 27, 77, 3, 0, 'Portal Master - Level req'),
(15, @GOSSIP_MENU+8, 6, 27, 77, 3, 0, 'Portal Master - Level req'),
(15, @GOSSIP_MENU+8, 5, 27, 76, 3, 0, 'Portal Master - Level req'),
(15, @GOSSIP_MENU+8, 4, 27, 74, 3, 0, 'Portal Master - Level req'),
(15, @GOSSIP_MENU+8, 3, 27, 73, 3, 0, 'Portal Master - Level req'),
(15, @GOSSIP_MENU+8, 2, 27, 71, 3, 0, 'Portal Master - Level req'),
(15, @GOSSIP_MENU+8, 1, 27, 68, 3, 0, 'Portal Master - Level req'),
(15, @GOSSIP_MENU+8, 0, 27, 68, 3, 0, 'Portal Master - Level req'),
(15, @GOSSIP_MENU+7, 6, 27, 67, 3, 0, 'Portal Master - Level req'),
(15, @GOSSIP_MENU+7, 5, 27, 67, 3, 0, 'Portal Master - Level req'),
(15, @GOSSIP_MENU+7, 4, 27, 65, 3, 0, 'Portal Master - Level req'),
(15, @GOSSIP_MENU+7, 3, 27, 64, 3, 0, 'Portal Master - Level req'),
(15, @GOSSIP_MENU+7, 2, 27, 62, 3, 0, 'Portal Master - Level req'),
(15, @GOSSIP_MENU+7, 1, 27, 60, 3, 0, 'Portal Master - Level req'),
(15, @GOSSIP_MENU+7, 0, 27, 58, 3, 0, 'Portal Master - Level req'),
(15, @GOSSIP_MENU+6, 18, 27, 55, 3, 0, 'Portal Master - Level req'),
(15, @GOSSIP_MENU+6, 17, 27, 55, 3, 0, 'Portal Master - Level req'),
(15, @GOSSIP_MENU+6, 16, 27, 48, 3, 0, 'Portal Master - Level req'),
(15, @GOSSIP_MENU+6, 15, 27, 48, 3, 0, 'Portal Master - Level req'),
(15, @GOSSIP_MENU+6, 14, 27, 45, 3, 0, 'Portal Master - Level req'),
(15, @GOSSIP_MENU+6, 13, 27, 40, 3, 0, 'Portal Master - Level req'),
(15, @GOSSIP_MENU+6, 12, 27, 40, 3, 0, 'Portal Master - Level req'),
(15, @GOSSIP_MENU+6, 11, 27, 35, 3, 0, 'Portal Master - Level req'),
(15, @GOSSIP_MENU+6, 10, 27, 30, 3, 0, 'Portal Master - Level req'),
(15, @GOSSIP_MENU+6, 9, 27, 25, 3, 0, 'Portal Master - Level req'),
(15, @GOSSIP_MENU+6, 8, 27, 18, 3, 0, 'Portal Master - Level req'),
(15, @GOSSIP_MENU+6, 7, 27, 15, 3, 0, 'Portal Master - Level req'),
(15, @GOSSIP_MENU+6, 6, 27, 10, 3, 0, 'Portal Master - Level req'),
(15, @GOSSIP_MENU+6, 5, 27, 10, 3, 0, 'Portal Master - Level req'),
(15, @GOSSIP_MENU+6, 4, 27, 15, 3, 0, 'Portal Master - Level req'),
(15, @GOSSIP_MENU+5, 23, 27, 70, 3, 0, 'Portal Master - Level req'),
(15, @GOSSIP_MENU+5, 22, 27, 53, 3, 0, 'Portal Master - Level req'),
(15, @GOSSIP_MENU+5, 21, 27, 51, 3, 0, 'Portal Master - Level req'),
(15, @GOSSIP_MENU+5, 20, 27, 50, 3, 0, 'Portal Master - Level req'),
(15, @GOSSIP_MENU+5, 19, 27, 45, 3, 0, 'Portal Master - Level req'),
(15, @GOSSIP_MENU+5, 18, 27, 43, 3, 0, 'Portal Master - Level req'),
(15, @GOSSIP_MENU+5, 17, 27, 40, 3, 0, 'Portal Master - Level req'),
(15, @GOSSIP_MENU+5, 16, 27, 35, 3, 0, 'Portal Master - Level req'),
(15, @GOSSIP_MENU+5, 15, 27, 35, 3, 0, 'Portal Master - Level req'),
(15, @GOSSIP_MENU+5, 14, 27, 30, 3, 0, 'Portal Master - Level req'),
(15, @GOSSIP_MENU+5, 13, 27, 30, 3, 0, 'Portal Master - Level req'),
(15, @GOSSIP_MENU+5, 12, 27, 30, 3, 0, 'Portal Master - Level req'),
(15, @GOSSIP_MENU+5, 11, 27, 20, 3, 0, 'Portal Master - Level req'),
(15, @GOSSIP_MENU+5, 10, 27, 20, 3, 0, 'Portal Master - Level req'),
(15, @GOSSIP_MENU+5, 9, 27, 18, 3, 0, 'Portal Master - Level req'),
(15, @GOSSIP_MENU+5, 8, 27, 15, 3, 0, 'Portal Master - Level req'),
(15, @GOSSIP_MENU+5, 7, 27, 10, 3, 0, 'Portal Master - Level req'),
(15, @GOSSIP_MENU+5, 6, 27, 10, 3, 0, 'Portal Master - Level req'),
(15, @GOSSIP_MENU+5, 5, 27, 10, 3, 0, 'Portal Master - Level req'),
(15, @GOSSIP_MENU+5, 4, 27, 10, 3, 0, 'Portal Master - Level req'),
(15, @GOSSIP_MENU+4, 22, 27, 70, 3, 0, 'Portal Master - Level req'),
(15, @GOSSIP_MENU+4, 21, 27, 57, 3, 0, 'Portal Master - Level req'),
(15, @GOSSIP_MENU+4, 19, 27, 80, 3, 0, 'Portal Master - Level req'),
(15, @GOSSIP_MENU+4, 18, 27, 80, 3, 0, 'Portal Master - Level req'),
(15, @GOSSIP_MENU+4, 17, 27, 80, 3, 0, 'Portal Master - Level req'),
(15, @GOSSIP_MENU+4, 16, 27, 80, 3, 0, 'Portal Master - Level req'),
(15, @GOSSIP_MENU+4, 15, 27, 60, 3, 0, 'Portal Master - Level req'),
(15, @GOSSIP_MENU+4, 14, 27, 67, 3, 0, 'Portal Master - Level req'),
(15, @GOSSIP_MENU+4, 13, 27, 70, 3, 0, 'Portal Master - Level req'),
(15, @GOSSIP_MENU+4, 12, 27, 60, 3, 0, 'Portal Master - Level req'),
(15, @GOSSIP_MENU+4, 11, 27, 80, 3, 0, 'Portal Master - Level req'),
(15, @GOSSIP_MENU+4, 10, 27, 80, 3, 0, 'Portal Master - Level req'),
(15, @GOSSIP_MENU+4, 9, 27, 60, 3, 0, 'Portal Master - Level req'),
(15, @GOSSIP_MENU+4, 8, 27, 70, 3, 0, 'Portal Master - Level req'),
(15, @GOSSIP_MENU+4, 7, 27, 80, 3, 0, 'Portal Master - Level req'),
(15, @GOSSIP_MENU+4, 6, 27, 70, 3, 0, 'Portal Master - Level req'),
(15, @GOSSIP_MENU+4, 5, 27, 70, 3, 0, 'Portal Master - Level req'),
(15, @GOSSIP_MENU+4, 4, 27, 80, 3, 0, 'Portal Master - Level req'),
(15, @GOSSIP_MENU+4, 3, 27, 70, 3, 0, 'Portal Master - Level req'),
(15, @GOSSIP_MENU+4, 2, 27, 70, 3, 0, 'Portal Master - Level req'),
(15, @GOSSIP_MENU+4, 1, 27, 60, 3, 0, 'Portal Master - Level req'),
(15, @GOSSIP_MENU+4, 0, 27, 70, 3, 0, 'Portal Master - Level req'),
(15, @GOSSIP_MENU+3, 11, 27, 75, 3, 0, 'Portal Master - Level req'),
(15, @GOSSIP_MENU+3, 10, 27, 69, 3, 0, 'Portal Master - Level req'),
(15, @GOSSIP_MENU+3, 9, 27, 77, 3, 0, 'Portal Master - Level req'),
(15, @GOSSIP_MENU+3, 8, 27, 79, 3, 0, 'Portal Master - Level req'),
(15, @GOSSIP_MENU+3, 7, 27, 75, 3, 0, 'Portal Master - Level req'),
(15, @GOSSIP_MENU+3, 6, 27, 71, 3, 0, 'Portal Master - Level req'),
(15, @GOSSIP_MENU+3, 5, 27, 79, 3, 0, 'Portal Master - Level req'),
(15, @GOSSIP_MENU+3, 4, 27, 71, 3, 0, 'Portal Master - Level req'),
(15, @GOSSIP_MENU+3, 3, 27, 74, 3, 0, 'Portal Master - Level req'),
(15, @GOSSIP_MENU+3, 2, 27, 79, 3, 0, 'Portal Master - Level req'),
(15, @GOSSIP_MENU+3, 1, 27, 79, 3, 0, 'Portal Master - Level req'),
(15, @GOSSIP_MENU+3, 0, 27, 73, 3, 0, 'Portal Master - Level req'),
(15, @GOSSIP_MENU+2, 5, 27, 70, 3, 0, 'Portal Master - Level req'),
(15, @GOSSIP_MENU+2, 4, 27, 70, 3, 0, 'Portal Master - Level req'),
(15, @GOSSIP_MENU+2, 3, 27, 59, 3, 0, 'Portal Master - Level req'),
(15, @GOSSIP_MENU+2, 2, 27, 62, 3, 0, 'Portal Master - Level req'),
(15, @GOSSIP_MENU+2, 1, 27, 66, 3, 0, 'Portal Master - Level req'),
(15, @GOSSIP_MENU+2, 0, 27, 64, 3, 0, 'Portal Master - Level req'),
(15, @GOSSIP_MENU+1, 18, 27, 35, 3, 0, 'Portal Master - Level req'),
(15, @GOSSIP_MENU+1, 17, 27, 37, 3, 0, 'Portal Master - Level req'),
(15, @GOSSIP_MENU+1, 16, 27, 47, 3, 0, 'Portal Master - Level req'),
(15, @GOSSIP_MENU+1, 15, 27, 55, 3, 0, 'Portal Master - Level req'),
(15, @GOSSIP_MENU+1, 14, 27, 55, 3, 0, 'Portal Master - Level req'),
(15, @GOSSIP_MENU+1, 13, 27, 45, 3, 0, 'Portal Master - Level req'),
(15, @GOSSIP_MENU+1, 12, 27, 55, 3, 0, 'Portal Master - Level req'),
(15, @GOSSIP_MENU+1, 11, 27, 57, 3, 0, 'Portal Master - Level req'),
(15, @GOSSIP_MENU+1, 10, 27, 53, 3, 0, 'Portal Master - Level req'),
(15, @GOSSIP_MENU+1, 9, 27, 21, 3, 0, 'Portal Master - Level req'),
(15, @GOSSIP_MENU+1, 8, 27, 17, 3, 0, 'Portal Master - Level req'),
(15, @GOSSIP_MENU+1, 7, 27, 18, 3, 0, 'Portal Master - Level req'),
(15, @GOSSIP_MENU+1, 6, 27, 32, 3, 0, 'Portal Master - Level req'),
(15, @GOSSIP_MENU+1, 5, 27, 24, 3, 0, 'Portal Master - Level req'),
(15, @GOSSIP_MENU+1, 4, 27, 34, 3, 0, 'Portal Master - Level req'),
(15, @GOSSIP_MENU+1, 3, 27, 15, 3, 0, 'Portal Master - Level req'),
(15, @GOSSIP_MENU+1, 2, 27, 22, 3, 0, 'Portal Master - Level req'),
(15, @GOSSIP_MENU+1, 1, 27, 17, 3, 0, 'Portal Master - Level req'),
(15, @GOSSIP_MENU+1, 0, 27, 25, 3, 0, 'Portal Master - Level req'),
(15, @GOSSIP_MENU, 20, 27, 57, 3, 0, 'Portal Master - Level req'),
(15, @GOSSIP_MENU, 19, 27, 69, 3, 0, 'Portal Master - Level req'),
(15, @GOSSIP_MENU, 18, 27, 59, 3, 0, 'Portal Master - Level req'),
(15, @GOSSIP_MENU, 17, 27, 15, 3, 0, 'Portal Master - Level req'),
(15, @GOSSIP_MENU, 16, 27, 68, 3, 0, 'Portal Master - Level req'),
(15, @GOSSIP_MENU, 15, 27, 58, 3, 0, 'Portal Master - Level req'),
(15, @GOSSIP_MENU, 12, 27, 30, 3, 0, 'Portal Master - Level req'),
(15, @GOSSIP_MENU, 11, 27, 30, 3, 0, 'Portal Master - Level req'),
(15, @GOSSIP_MENU, 10, 27, 57, 3, 0, 'Portal Master - Level req'),
(15, @GOSSIP_MENU, 9, 27, 67, 3, 0, 'Portal Master - Level req'),
(15, @GOSSIP_MENU, 0, 27, 15, 3, 0, "Portal Master - Level req"); -- intentando agregar la tienda:

REPLACE INTO gossip_menu_option (menuid, optionid, optionicon, optiontext, optiontype, optionnpcflag, actionmenuid, actionpoiid, boxcoded, boxmoney, boxtext) VALUES
(@GOSSIP_MENU, 1, 2, 'Ventormenta', 1, 1, @GOSSIP_MENU , 0, 0, 0, 'Estas seguro de que quieres ir a Ventormenta?'),
(@GOSSIP_MENU, 2, 2, 'Orgrimmar', 1, 1, @GOSSIP_MENU , 0, 0, 0, 'Estas seguro de que quieres ir a Orgrimmar?'),
(@GOSSIP_MENU, 3, 2, 'Darnassus', 1, 1, @GOSSIP_MENU , 0, 0, 0, 'Estas seguro de que quieres ir a Darnassus?'),
(@GOSSIP_MENU, 4, 2, 'Forjaz', 1, 1, @GOSSIP_MENU , 0, 0, 0, 'Estas seguro de que quieres ir a Forjaz?'),
(@GOSSIP_MENU, 5, 2, 'Exodar', 1, 1, @GOSSIP_MENU , 0, 0, 0, 'Estas seguro de que quieres ir a Exodar?'),
(@GOSSIP_MENU, 6, 2, 'Cima del Trueno', 1, 1, @GOSSIP_MENU , 0, 0, 0, 'Estas seguro de que quieres ir a Cima del Trueno?'),
(@GOSSIP_MENU, 7, 2, 'Entrañas', 1, 1, @GOSSIP_MENU , 0, 0, 0, 'Estas seguro de que quieres ir a Entrañas?'),
(@GOSSIP_MENU, 8, 2, 'Lunargenta', 1, 1, @GOSSIP_MENU , 0, 0, 0, 'Estas seguro de que quieres ir a Lunargenta?'),
(@GOSSIP_MENU, 9, 2, 'Dalaran', 1, 1, @GOSSIP_MENU , 0, 0, 0, 'Estas seguro de que quieres ir a Dalaran?'),
(@GOSSIP_MENU, 10, 2, 'Shattrath', 1, 1, @GOSSIP_MENU , 0, 0, 0, 'Estas seguro de que quieres ir a Shattrath?'),
(@GOSSIP_MENU, 11, 2, 'Bahía del Botín', 1, 1, @GOSSIP_MENU , 0, 0, 0, 'Estas seguro de que quieres ir a Bahía del Botín?'),
(@GOSSIP_MENU, 12, 2, 'Arena de Gurubashi', 1, 1, @GOSSIP_MENU , 0, 0, 0, 'Estas seguro de que quieres ir a Arena de Gurubashi?'),
(@GOSSIP_MENU, 0, 2, "La Shop", 1, 1, @GOSSIP_MENU, 0, 0, 0, "Estas seguro de que quieres ir a La Shop?"),  -- agregando el menu de la shop:
(@GOSSIP_MENU, 13, 3, 'Reinos del Este', 1, 1, @GOSSIP_MENU +5, 0, 0, 0, NULL),
(@GOSSIP_MENU, 14, 3, 'Kalimdor', 1, 1, @GOSSIP_MENU +6, 0, 0, 0, NULL),
(@GOSSIP_MENU, 15, 3, 'Terrallende', 1, 1, @GOSSIP_MENU +7, 0, 0, 0, NULL),
(@GOSSIP_MENU, 16, 3, 'Rasganorte', 1, 1, @GOSSIP_MENU +8, 0, 0, 0, NULL),
(@GOSSIP_MENU, 17, 9, 'Mazmorras clásicas', 1, 1, @GOSSIP_MENU +1, 0, 0, 0, NULL),
(@GOSSIP_MENU, 18, 9, 'Mazmorras TBC', 1, 1, @GOSSIP_MENU +2, 0, 0, 0, NULL),
(@GOSSIP_MENU, 19, 9, 'Mazmorras WOTLK', 1, 1, @GOSSIP_MENU +3, 0, 0, 0, NULL),
(@GOSSIP_MENU, 20, 9, 'Raid Teleports', 1, 1, @GOSSIP_MENU +4, 0, 0, 0, NULL),
(@GOSSIP_MENU+1, 0, 2, 'Gnomeregan', 1, 1, 0, 0, 0, 0, 'Estas seguro de que quieres ir a Gnomeregan?'),
(@GOSSIP_MENU+1, 1, 2, 'Minas de la Muerte', 1, 1, 0, 0, 0, 0, 'Estas seguro de que quieres ir a Minas de la Muerte?'),
(@GOSSIP_MENU+1, 2, 2, 'Mazmorras de Ventormenta', 1, 1, 0, 0, 0, 0, 'Estas seguro de que quieres ir a Las Mazmorras de Ventormenta?'),
(@GOSSIP_MENU+1, 3, 2, 'Sima Ígnea', 1, 1, 0, 0, 0, 0, 'Estas seguro de que quieres ir a Sima Ígnea?'),
(@GOSSIP_MENU+1, 4, 2, 'Zahúrda Rojocienos', 1, 1, 0, 0, 0, 0, 'Estas seguro de que quieres ir a Zahúrda Rojocienos?'),
(@GOSSIP_MENU+1, 5, 2, 'Horado Rajacieno', 1, 1, 0, 0, 0, 0, 'Estas seguro de que quieres ir a Horado Rajacieno?'),
(@GOSSIP_MENU+1, 6, 2, 'Monasterio Escarlata', 1, 1, 0, 0, 0, 0, 'Estas seguro de que quieres ir a Monasterio Escarlata?'),
(@GOSSIP_MENU+1, 7, 2, 'Castillo Colmillo Oscuro', 1, 1, 0, 0, 0, 0, 'Estas seguro de que quieres ir a Castillo Colmillo Oscuro?'),
(@GOSSIP_MENU+1, 8, 2, 'Cuevas de los Lamentos', 1, 1, 0, 0, 0, 0, 'Estas seguro de que quieres ir a las Cuevas de los Lamentos?'),
(@GOSSIP_MENU+1, 9, 2, 'Cavernas de Brazanegra', 1, 1, 0, 0, 0, 0, 'Estas seguro de que quieres ir a las Cavernas de Brazanegra?'),
(@GOSSIP_MENU+1, 10, 2, 'Profundidades de Roca Negra', 1, 1, 0, 0, 0, 0, 'Estas seguro de que quieres ir a las Profundidades de Roca Negra?'),
(@GOSSIP_MENU+1, 11, 2, 'Cumbre Roca Negra', 1, 1, 0, 0, 0, 0, 'Estas seguro de que quieres ir a Cumbre de Roca Negra?'),
(@GOSSIP_MENU+1, 12, 2, 'La Masacre', 1, 1, 0, 0, 0, 0, 'Estas seguro de que quieres ir a La Masacre?'),
(@GOSSIP_MENU+1, 13, 2, 'Maraudon', 1, 1, 0, 0, 0, 0, 'Estas seguro de que quieres ir a Maraudon?'),
(@GOSSIP_MENU+1, 14, 2, 'Scholomance', 1, 1, 0, 0, 0, 0, 'Estas seguro de que quieres ir a Scholomance?'),
(@GOSSIP_MENU+1, 15, 2, 'Stratholme', 1, 1, 0, 0, 0, 0, 'Estas seguro de que quieres ir a Stratholme?'),
(@GOSSIP_MENU+1, 16, 2, 'Templo Sumergido', 1, 1, 0, 0, 0, 0, 'Estas seguro de que quieres ir al Templo Sumergido?'),
(@GOSSIP_MENU+1, 17, 2, 'Uldaman', 1, 1, 0, 0, 0, 0, 'Estas seguro de que quieres ir a Uldaman?'),
(@GOSSIP_MENU+1, 18, 2, 'Zul\'Farrak', 1, 1, 0, 0, 0, 0, 'Estas seguro de que quieres ir a Zul\'Farrak?'),
(@GOSSIP_MENU+1, 19, 7, 'Volver..', 1, 1, @GOSSIP_MENU , 0, 0, 0, NULL),
(@GOSSIP_MENU+2, 0, 2, 'Auchindoun', 1, 1, 0, 0, 0, 0, 'Estas seguro de que quieres ir a Auchindoun?'),
(@GOSSIP_MENU+2, 1, 2, 'Cavernas del Tiempo', 1, 1, 0, 0, 0, 0, 'Estas seguro de que quieres ir a las Cavernas del Tiempo?'),
(@GOSSIP_MENU+2, 2, 2, 'Colmillo Torcido', 1, 1, 0, 0, 0, 0, 'Estas seguro de que quieres ir a Embalse Colmillo Torcido?'),
(@GOSSIP_MENU+2, 3, 2, 'Ciudadela del Fuego Infernal', 1, 1, 0, 0, 0, 0, 'Estas seguro de que quieres ir a Ciudadela del Fuego Infernal?'),
(@GOSSIP_MENU+2, 4, 2, 'Bancal del Magister', 1, 1, 0, 0, 0, 0, 'Estas seguro de que quieres ir a Bancal del Magister?'),
(@GOSSIP_MENU+2, 5, 2, 'Castillo Tempestad', 1, 1, 0, 0, 0, 0, 'Estas seguro de que quieres ir a Castillo de la Tempestad?'),
(@GOSSIP_MENU+2, 6, 7, 'Volver..', 1, 1, @GOSSIP_MENU , 0, 0, 0, NULL),
(@GOSSIP_MENU+3, 0, 2, 'Azjol-Nerub', 1, 1, 0, 0, 0, 0, 'Estas seguro de que quieres ir a Azjol-Nerub?'),
(@GOSSIP_MENU+3, 1, 2, 'Masacre de Stratholme', 1, 1, 0, 0, 0, 0, 'Estas seguro de que quieres ir a la Masacre de Stratholme?'),
(@GOSSIP_MENU+3, 2, 2, 'Prueba del campeón', 1, 1, 0, 0, 0, 0, 'Estas seguro de que quieres ir a la Prueba del campeón?'),
(@GOSSIP_MENU+3, 3, 2, 'Fortaleza de Drak\'Tharon', 1, 1, 0, 0, 0, 0, 'Estas seguro de que quieres ir a la Fortaleza de Drak\'Tharon?'),
(@GOSSIP_MENU+3, 4, 2, 'Gundrak', 1, 1, 0, 0, 0, 0, 'Estas seguro de que quieres ir a Gundrak?'),
(@GOSSIP_MENU+3, 5, 2, 'Mazmorras de ICC', 1, 1, 0, 0, 0, 0, 'Estas seguro de que quieres ir a las Mazmorras de la Ciudadela de la Corona de Hielo?'),
(@GOSSIP_MENU+3, 6, 2, 'Mazmorras del Nexo', 1, 1, 0, 0, 0, 0, 'Estas seguro de que quieres ir a las Mazmorras del Nexo?'),
(@GOSSIP_MENU+3, 7, 2, 'Bastión Violeta', 1, 1, 0, 0, 0, 0, 'Estas seguro de que quieres ir a Bastión Violeta?'),
(@GOSSIP_MENU+3, 8, 2, 'Cámaras de relámpagos', 1, 1, 0, 0, 0, 0, 'Estas seguro de que quieres ir a las Cámaras de Relámpagos?'),
(@GOSSIP_MENU+3, 9, 2, 'Salas de Piedra', 1, 1, 0, 0, 0, 0, 'Estas seguro de que quieres ir a Salas de Piedra?'),
(@GOSSIP_MENU+3, 10, 2, 'Fortaleza de Utgarde', 1, 1, 0, 0, 0, 0, 'Estas seguro de que quieres ir a Fortaleza de Utgarde?'),
(@GOSSIP_MENU+3, 11, 2, 'Pináculo de Utgarde', 1, 1, 0, 0, 0, 0, 'Estas seguro de que quieres ir al Pináculo de Utgarde?'),
(@GOSSIP_MENU+3, 12, 2, 'Trono Helado', 1, 1, 0, 0, 0, 0, 'Estas seguro de que quieres ir al Trono Helado?'),
(@GOSSIP_MENU+3, 13, 7, 'Back..', 1, 1, @GOSSIP_MENU , 0, 0, 0, NULL),
(@GOSSIP_MENU+4, 0, 2, 'Templo Oscuro', 1, 1, 0, 0, 0, 0, 'Estas seguro de que quieres ir al Templo Oscuro?'),
(@GOSSIP_MENU+4, 1, 2, 'Guarida Alanegra', 1, 1, 0, 0, 0, 0, 'Estas seguro de que quieres ir a la Guarida Alanegra?'),
(@GOSSIP_MENU+4, 2, 2, 'Cima Hyjal', 1, 1, 0, 0, 0, 0, 'Estas seguro de que quieres ir a La Cima Hyjal?'),
(@GOSSIP_MENU+4, 3, 2, 'Santuario Serpiente', 1, 1, 0, 0, 0, 0, 'Estas seguro de que quieres ir a Caverna Santuario Serpiente?'),
(@GOSSIP_MENU+4, 4, 2, 'Prueba del Cruzado', 1, 1, 0, 0, 0, 0, 'Estas seguro de que quieres ir a la Prueba del Cruzado?'),
(@GOSSIP_MENU+4, 5, 2, 'Guarida de Gruul', 1, 1, 0, 0, 0, 0, 'Estas seguro de que quieres ir a la Guarida de Gruul?'),
(@GOSSIP_MENU+4, 6, 2, 'Guarida de Magtheridon', 1, 1, 0, 0, 0, 0, 'Estas seguro de que quieres ir a la Guarida de Magtheridon?'),
(@GOSSIP_MENU+4, 7, 2, 'ICC', 1, 1, 0, 0, 0, 0, 'Estas seguro de que quieres ir a Ciudadela de la Corona de Hielo?'),
(@GOSSIP_MENU+4, 8, 2, 'Karazhan', 1, 1, 0, 0, 0, 0, 'Estas seguro de que quieres ir a Karazhan?'),
(@GOSSIP_MENU+4, 9, 2, 'Núcleo de Magma', 1, 1, 0, 0, 0, 0, 'Estas seguro de que quieres ir al Núcleo de Magma?'),
(@GOSSIP_MENU+4, 10, 2, 'Naxxramas', 1, 1, 0, 0, 0, 0, 'Estas seguro de que quieres ir a Naxxramas?'),
(@GOSSIP_MENU+4, 11, 2, 'Guarida de Onyxia', 1, 1, 0, 0, 0, 0, 'Estas seguro de que quieres ir a la Guarida de Onyxia?'),
(@GOSSIP_MENU+4, 12, 2, 'Ruinas de Ahn\'Qiraj', 1, 1, 0, 0, 0, 0, 'Estas seguro de que quieres ir a las Ruinas de Ahn\'Qiraj?'),
(@GOSSIP_MENU+4, 13, 2, 'Fuente del Sol', 1, 1, 0, 0, 0, 0, 'Estas seguro de que quieres ir a la Meseta de la Fuente del Sol?'),
(@GOSSIP_MENU+4, 14, 2, 'Castillo de la Tempestad', 1, 1, 0, 0, 0, 0, 'Estas seguro de que quieres ir al Castillo de la Tempestad?'),
(@GOSSIP_MENU+4, 15, 2, 'Templo de Ahn\'Qiraj', 1, 1, 0, 0, 0, 0, 'Estas seguro de que quieres ir al Templo de Ahn\'Qiraj?'),
(@GOSSIP_MENU+4, 16, 2, 'Ojo de la eternidad', 1, 1, 0, 0, 0, 0, 'Estas seguro de que quieres ir al Ojo de la eternidad?'),
(@GOSSIP_MENU+4, 17, 2, 'Sagrario de Obsidiana', 1, 1, 0, 0, 0, 0, 'Estas seguro de que quieres ir al Sagrario de Obsidiana?'),
(@GOSSIP_MENU+4, 18, 2, 'Ulduar', 1, 1, 0, 0, 0, 0, 'Estas seguro de que quieres ir a Ulduar?'),
(@GOSSIP_MENU+4, 19, 2, 'Cámara de Archavon', 1, 1, 0, 0, 0, 0, 'Estas seguro de que quieres ir a las Cámara de Archavon?'),
(@GOSSIP_MENU+4, 21, 2, 'Zul\'Gurub', 1, 1, 0, 0, 0, 0, 'Estas seguro de que quieres ir a Zul\'Gurub?'),
(@GOSSIP_MENU+4, 22, 2, 'Zul\'Aman', 1, 1, 0, 0, 0, 0, 'Estas seguro de que quieres ir a Zul\'Aman?'),
(@GOSSIP_MENU+4, 23, 7, 'Volver..', 1, 1, @GOSSIP_MENU , 0, 0, 0, NULL),
(@GOSSIP_MENU+5, 0, 2, 'Bosque de Elwynn', 1, 1, 0, 0, 0, 0, 'Estas seguro de que quieres ir a Bosque de Elwynn?'),
(@GOSSIP_MENU+5, 1, 2, 'Bosque Canción Eterna', 1, 1, 0, 0, 0, 0, 'Estas seguro de que quieres ir a Bosque Canción Eterna?'),
(@GOSSIP_MENU+5, 2, 2, 'Dun Morogh', 1, 1, 0, 0, 0, 0, 'Estas seguro de que quieres ir a Dun Morogh?'),
(@GOSSIP_MENU+5, 3, 2, 'Claros Tirisfal', 1, 1, 0, 0, 0, 0, 'Estas seguro de que quieres ir a Claros Tirisfal?'),
(@GOSSIP_MENU+5, 4, 2, 'Tierras fantasma', 1, 1, 0, 0, 0, 0, 'Estas seguro de que quieres ir a Tierras fantasma?'),
(@GOSSIP_MENU+5, 5, 2, 'Loch modan', 1, 1, 0, 0, 0, 0, 'Estas seguro de que quieres ir a Loch modan?'),
(@GOSSIP_MENU+5, 6, 2, 'Bosque de Argénteos', 1, 1, 0, 0, 0, 0, 'Estas seguro de que quieres ir a Bosque de Argénteos?'),
(@GOSSIP_MENU+5, 7, 2, 'Páramos de Poniente', 1, 1, 0, 0, 0, 0, 'Estas seguro de que quieres ir a Páramos de Poniente?'),
(@GOSSIP_MENU+5, 8, 2, 'Montañas Crestagrana', 1, 1, 0, 0, 0, 0, 'Estas seguro de que quieres ir a Montañas Crestagrana?'),
(@GOSSIP_MENU+5, 9, 2, 'Bosque del Ocaso', 1, 1, 0, 0, 0, 0, 'Estas seguro de que quieres ir a Bosque del Ocaso?'),
(@GOSSIP_MENU+5, 10, 2, 'Laderas de Trabalomas', 1, 1, 0, 0, 0, 0, 'Estas seguro de que quieres ir a Laderas de Trabalomas?'),
(@GOSSIP_MENU+5, 11, 2, 'Los Humedales', 1, 1, 0, 0, 0, 0, 'Estas seguro de que quieres ir a Los Humedales?'),
(@GOSSIP_MENU+5, 12, 2, 'Montañas de Alterac', 1, 1, 0, 0, 0, 0, 'Estas seguro de que quieres ir a las Montañas de Alterac?'),
(@GOSSIP_MENU+5, 13, 2, 'Tierras Altas de Arathi', 1, 1, 0, 0, 0, 0, 'Estas seguro de que quieres ir a las Tierras Altas de Arathi?'),
(@GOSSIP_MENU+5, 14, 2, 'Vega de Tuercespina', 1, 1, 0, 0, 0, 0, 'Estas seguro de que quieres ir a Vega de Tuercespina?'),
(@GOSSIP_MENU+5, 15, 2, 'Tierras Inhóspitas', 1, 1, 0, 0, 0, 0, 'Estas seguro de que quieres ir a las Tierras Inhóspitas?'),
(@GOSSIP_MENU+5, 16, 2, 'Pantano de las Penas', 1, 1, 0, 0, 0, 0, 'Estas seguro de que quieres ir a Pantano de las Penas?'),
(@GOSSIP_MENU+5, 17, 2, 'Tierras del Interior', 1, 1, 0, 0, 0, 0, 'Estas seguro de que quieres ir a Las Tierras del Interior?'),
(@GOSSIP_MENU+5, 18, 2, 'Garganta de Fuego', 1, 1, 0, 0, 0, 0, 'Estas seguro de que quieres ir a Garganta de Fuego?'),
(@GOSSIP_MENU+5, 19, 2, 'Tierras Devastadas', 1, 1, 0, 0, 0, 0, 'Estas seguro de que quieres ir a las Tierras Devastadas?'),
(@GOSSIP_MENU+5, 20, 2, 'Estepas Ardientes', 1, 1, 0, 0, 0, 0, 'Estas seguro de que quieres ir a las Estepas Ardientes?'),
(@GOSSIP_MENU+5, 21, 2, 'Tierras de la Peste del Oeste', 1, 1, 0, 0, 0, 0, 'Estas seguro de que quieres ir a las Tierras de la Peste del Oeste?'),
(@GOSSIP_MENU+5, 22, 2, 'Tierras de la Peste del Este', 1, 1, 0, 0, 0, 0, 'Estas seguro de que quieres ir a las Tierras de la Peste del Este?'),
(@GOSSIP_MENU+5, 23, 2, 'Isle of Quel\'Danas', 1, 1, 0, 0, 0, 0, 'Estas seguro de que quieres ir a Quel\'Danas?'),
(@GOSSIP_MENU+5, 24, 7, 'Volver..', 1, 1, @GOSSIP_MENU , 0, 0, 0, NULL),
(@GOSSIP_MENU+6, 0, 2, 'Isla Bruma Azur', 1, 1, 0, 0, 0, 0, 'Estas seguro de que quieres ir a Isla Bruma Azur?'),
(@GOSSIP_MENU+6, 1, 2, 'Teldrassil', 1, 1, 0, 0, 0, 0, 'Estas seguro de que quieres ir a Teldrasil?'),
(@GOSSIP_MENU+6, 2, 2, 'Durotar', 1, 1, 0, 0, 0, 0, 'Estas seguro de que quieres ir a Durotar?'),
(@GOSSIP_MENU+6, 3, 2, 'Mulgore', 1, 1, 0, 0, 0, 0, 'Estas seguro de que quieres ir a Mulgore?'),
(@GOSSIP_MENU+6, 4, 2, 'Isla Bruma de Sangre', 1, 1, 0, 0, 0, 0, 'Estas seguro de que quieres ir a Isla Bruma de Sangre?'),
(@GOSSIP_MENU+6, 5, 2, 'Costa Oscura', 1, 1, 0, 0, 0, 0, 'Estas seguro de que quieres ir a Costa Oscura?'),
(@GOSSIP_MENU+6, 6, 2, 'Los Baldios', 1, 1, 0, 0, 0, 0, 'Estas seguro de que quieres ir a Los Baldios?'),
(@GOSSIP_MENU+6, 7, 2, 'Cierra Espolón', 1, 1, 0, 0, 0, 0, 'Estas seguro de que quieres ir a Cierra Espolón?'),
(@GOSSIP_MENU+6, 8, 2, 'Vallefresno', 1, 1, 0, 0, 0, 0, 'Estas seguro de que quieres ir a Vallefresno?'),
(@GOSSIP_MENU+6, 9, 2, 'Las Mil agujas', 1, 1, 0, 0, 0, 0, 'Estas seguro de que quieres ir a Las Mil agujas?'),
(@GOSSIP_MENU+6, 10, 2, 'Desolace', 1, 1, 0, 0, 0, 0, 'Estas seguro de que quieres ir a Desolace?'),
(@GOSSIP_MENU+6, 11, 2, 'Marjal Revolcafango', 1, 1, 0, 0, 0, 0, 'Estas seguro de que quieres ir a Marjal Revolcafango?'),
(@GOSSIP_MENU+6, 12, 2, 'Feralas', 1, 1, 0, 0, 0, 0, 'Estas seguro de que quieres ir a Feralas?'),
(@GOSSIP_MENU+6, 13, 2, 'Tanaris', 1, 1, 0, 0, 0, 0, 'Estas seguro de que quieres ir a Tanaris?'),
(@GOSSIP_MENU+6, 14, 2, 'Azshara', 1, 1, 0, 0, 0, 0, 'Estas seguro de que quieres ir a Azshara?'),
(@GOSSIP_MENU+6, 15, 2, 'Frondavil', 1, 1, 0, 0, 0, 0, 'Estas seguro de que quieres ir a Frondavil?'),
(@GOSSIP_MENU+6, 16, 2, 'Cráter Un\'Goro', 1, 1, 0, 0, 0, 0, 'Estas seguro de que quieres ir a Cráter Un\'Goro?'),
(@GOSSIP_MENU+6, 17, 2, 'Silithus', 1, 1, 0, 0, 0, 0, 'Estas seguro de que quieres ir a Silithus?'),
(@GOSSIP_MENU+6, 18, 2, 'Cuna del Invierno', 1, 1, 0, 0, 0, 0, 'Estas seguro de que quieres ir a Cuna del Invierno?'),
(@GOSSIP_MENU+6, 19, 7, 'Volver..', 1, 1, @GOSSIP_MENU , 0, 0, 0, NULL),
(@GOSSIP_MENU+7, 0, 2, 'Península del Fuego Infernal', 1, 1, 0, 0, 0, 0, 'Estas seguro de que quieres ir a Península del Fuego Infernal?'),
(@GOSSIP_MENU+7, 1, 2, 'Marisma de Zangar', 1, 1, 0, 0, 0, 0, 'Estas seguro de que quieres ir a Marisma de Zangar?'),
(@GOSSIP_MENU+7, 2, 2, 'Bosque de Terokkar', 1, 1, 0, 0, 0, 0, 'Estas seguro de que quieres ir a Bosque de Terokkar?'),
(@GOSSIP_MENU+7, 3, 2, 'Nagrand', 1, 1, 0, 0, 0, 0, 'Estas seguro de que quieres ir a Nagrand?'),
(@GOSSIP_MENU+7, 4, 2, 'Montañas Filospada', 1, 1, 0, 0, 0, 0, 'Estas seguro de que quieres ir a Montañas Filospada?'),
(@GOSSIP_MENU+7, 5, 2, 'Tormenta Abisal', 1, 1, 0, 0, 0, 0, 'Estas seguro de que quieres ir a Tormenta Abisal?'),
(@GOSSIP_MENU+7, 6, 2, 'Valle Sombraluna', 1, 1, 0, 0, 0, 0, 'Estas seguro de que quieres ir a Valle Sombraluna?'),
(@GOSSIP_MENU+7, 7, 7, 'Volver..', 1, 1, @GOSSIP_MENU , 0, 0, 0, NULL),
(@GOSSIP_MENU+8, 0, 2, 'Tundra Boreal', 1, 1, 0, 0, 0, 0, 'Estas seguro de que quieres ir a Tundra Boreal?'),
(@GOSSIP_MENU+8, 1, 2, 'Fiordo Aquilonal', 1, 1, 0, 0, 0, 0, 'Estas seguro de que quieres ir a Fiordo Aquilonal?'),
(@GOSSIP_MENU+8, 2, 2, 'Cementerio de Dragones', 1, 1, 0, 0, 0, 0, 'Estas seguro de que quieres ir a Cementerio de Dragones?'),
(@GOSSIP_MENU+8, 3, 2, 'Colinas Pardas', 1, 1, 0, 0, 0, 0, 'Estas seguro de que quieres ir a Colinas Pardas?'),
(@GOSSIP_MENU+8, 4, 2, 'Zul\'Drak', 1, 1, 0, 0, 0, 0, 'Estas seguro de que quieres ir a Zul\'Drak?'),
(@GOSSIP_MENU+8, 5, 2, 'Cuenca de Sholazar', 1, 1, 0, 0, 0, 0, 'Estas seguro de que quieres ir a Cuenca de Sholazar?'),
(@GOSSIP_MENU+8, 6, 2, 'Bosque Canto de Cristal', 1, 1, 0, 0, 0, 0, 'Estas seguro de que quieres ir a Bosque Canto de Cristal?'),
(@GOSSIP_MENU+8, 7, 2, 'Cumbres Tormentosas', 1, 1, 0, 0, 0, 0, 'Estas seguro de que quieres ir a las Cumbres Tormentosas?'),
(@GOSSIP_MENU+8, 8, 2, 'Corona de Hielo', 1, 1, 0, 0, 0, 0, 'Estas seguro de que quieres ir a Corona de Hielo?'),
(@GOSSIP_MENU+8, 9, 2, 'Conquista del Invierno', 1, 1, 0, 0, 0, 0, 'Estas seguro de que quieres ir a Conquista del Invierno?'),
(@GOSSIP_MENU+8, 10, 7, 'Volver..', 1, 1, @GOSSIP_MENU , 0, 0, 0, NULL);

REPLACE INTO smart_scripts (entryorguid, source_type, id, link, event_type, event_phase_mask, event_chance, event_flags, event_param1, event_param2, event_param3, event_param4, action_type, action_param1, action_param2, action_param3, action_param4, action_param5, action_param6, target_type, target_param1, target_param2, target_param3, target_x, target_y, target_z, target_o, comment) VALUES
(@ENTRY, 0, 140, 0, 25, 0, 100, 0, 0, 0, 0, 0, 41, 10000, 0, 0, 0, 0, 0, 1, 0, 0, 0, 0, 0, 0, 0, 'Teleporter despawn script'),
(@ENTRY, 0, 1, 0, 62, 0, 100, 0, @GOSSIP_MENU, 1, 0, 0, 62, 0, 0, 0, 0, 0, 0, 7, 0, 0, 0, -8842.09, 626.358, 94.0867, 3.61363, 'Teleporter script'),
(@ENTRY, 0, 2, 0, 62, 0, 100, 0, @GOSSIP_MENU, 2, 0, 0, 62, 1, 0, 0, 0, 0, 0, 7, 0, 0, 0, 1601.08, -4378.69, 9.9846, 2.14362, 'Teleporter script'),
(@ENTRY, 0, 3, 0, 62, 0, 100, 0, @GOSSIP_MENU, 11, 0, 0, 62, 0, 0, 0, 0, 0, 0, 7, 0, 0, 0, -14281.9, 552.564, 8.90422, 0.860144, 'Teleporter script'),
(@ENTRY, 0, 4, 0, 62, 0, 100, 0, @GOSSIP_MENU, 10, 0, 0, 62, 530, 0, 0, 0, 0, 0, 7, 0, 0, 0, -1887.62, 5359.09, -12.4279, 4.40435, 'Teleporter script'),
(@ENTRY, 0, 5, 0, 62, 0, 100, 0, @GOSSIP_MENU, 9, 0, 0, 62, 571, 0, 0, 0, 0, 0, 7, 0, 0, 0, 5809.55, 503.975, 657.526, 2.38338, 'Teleporter script'),
(@ENTRY, 0, 6, 0, 62, 0, 100, 0, @GOSSIP_MENU, 12, 0, 0, 62, 0, 0, 0, 0, 0, 0, 7, 0, 0, 0, -13181.8, 339.356, 42.9805, 1.18013, 'Teleporter script'),
(@ENTRY, 0, 132, 0, 62, 0, 100, 0, @GOSSIP_MENU, 0, 0, 0, 62, 1, 0, 0, 0, 0, 0, 7, 0, 0, 0, -11802.078, -4745.676, 5.057, 3.705, "Teleporter script"), -- agregando la ubicacion del santuario de los colegas
(@ENTRY, 0, 7, 0, 62, 0, 100, 0, @GOSSIP_MENU, 3, 0, 0, 62, 1, 0, 0, 0, 0, 0, 7, 0, 0, 0, 9869.91, 2493.58, 1315.88, 2.78897, 'Teleporter script'),
(@ENTRY, 0, 8, 0, 62, 0, 100, 0, @GOSSIP_MENU, 4, 0, 0, 62, 0, 0, 0, 0, 0, 0, 7, 0, 0, 0, -4900.47, -962.585, 501.455, 5.40538, 'Teleporter script'),
(@ENTRY, 0, 9, 0, 62, 0, 100, 0, @GOSSIP_MENU, 5, 0, 0, 62, 530, 0, 0, 0, 0, 0, 7, 0, 0, 0, -3864.92, -11643.7, -137.644, 5.50862, 'Teleporter script'),
(@ENTRY, 0, 10, 0, 62, 0, 100, 0, @GOSSIP_MENU, 6, 0, 0, 62, 1, 0, 0, 0, 0, 0, 7, 0, 0, 0, -1274.45, 71.8601, 128.159, 2.80623, 'Teleporter script'),
(@ENTRY, 0, 11, 0, 62, 0, 100, 0, @GOSSIP_MENU, 7, 0, 0, 62, 0, 0, 0, 0, 0, 0, 7, 0, 0, 0, 1633.75, 240.167, -43.1034, 6.26128, 'Teleporter script'),
(@ENTRY, 0, 12, 0, 62, 0, 100, 0, @GOSSIP_MENU, 8, 0, 0, 62, 530, 0, 0, 0, 0, 0, 7, 0, 0, 0, 9738.28, -7454.19, 13.5605, 0.043914, 'Teleporter script'),
(@ENTRY, 0, 13, 0, 62, 0, 100, 0, @GOSSIP_MENU+1, 0, 0, 0, 62, 0, 0, 0, 0, 0, 0, 7, 0, 0, 0, -5163.54, 925.423, 257.181, 1.57423, 'Teleporter script'),
(@ENTRY, 0, 14, 0, 62, 0, 100, 0, @GOSSIP_MENU+1, 1, 0, 0, 62, 0, 0, 0, 0, 0, 0, 7, 0, 0, 0, -11209.6, 1666.54, 24.6974, 1.42053, 'Teleporter script'),
(@ENTRY, 0, 15, 0, 62, 0, 100, 0, @GOSSIP_MENU+1, 2, 0, 0, 62, 0, 0, 0, 0, 0, 0, 7, 0, 0, 0, -8799.15, 832.718, 97.6348, 6.04085, 'Teleporter script'),
(@ENTRY, 0, 16, 0, 62, 0, 100, 0, @GOSSIP_MENU+1, 3, 0, 0, 62, 1, 0, 0, 0, 0, 0, 7, 0, 0, 0, 1811.78, -4410.5, -18.4704, 5.20165, 'Teleporter script'),
(@ENTRY, 0, 17, 0, 62, 0, 100, 0, @GOSSIP_MENU+1, 4, 0, 0, 62, 1, 0, 0, 0, 0, 0, 7, 0, 0, 0, -4657.3, -2519.35, 81.0529, 4.54808, 'Teleporter script'),
(@ENTRY, 0, 18, 0, 62, 0, 100, 0, @GOSSIP_MENU+1, 5, 0, 0, 62, 1, 0, 0, 0, 0, 0, 7, 0, 0, 0, -4470.28, -1677.77, 81.3925, 1.16302, 'Teleporter script'),
(@ENTRY, 0, 19, 0, 62, 0, 100, 0, @GOSSIP_MENU+1, 6, 0, 0, 62, 0, 0, 0, 0, 0, 0, 7, 0, 0, 0, 2873.15, -764.523, 160.332, 5.10447, 'Teleporter script'),
(@ENTRY, 0, 20, 0, 62, 0, 100, 0, @GOSSIP_MENU+1, 7, 0, 0, 62, 0, 0, 0, 0, 0, 0, 7, 0, 0, 0, -234.675, 1561.63, 76.8921, 1.24031, 'Teleporter script'),
(@ENTRY, 0, 21, 0, 62, 0, 100, 0, @GOSSIP_MENU+1, 8, 0, 0, 62, 1, 0, 0, 0, 0, 0, 7, 0, 0, 0, -731.607, -2218.39, 17.0281, 2.78486, 'Teleporter script'),
(@ENTRY, 0, 22, 0, 62, 0, 100, 0, @GOSSIP_MENU+1, 9, 0, 0, 62, 1, 0, 0, 0, 0, 0, 7, 0, 0, 0, 4249.99, 740.102, -25.671, 1.34062, 'Teleporter script'),
(@ENTRY, 0, 23, 0, 62, 0, 100, 0, @GOSSIP_MENU+1, 10, 0, 0, 62, 0, 0, 0, 0, 0, 0, 7, 0, 0, 0, -7179.34, -921.212, 165.821, 5.09599, 'Teleporter script'),
(@ENTRY, 0, 24, 0, 62, 0, 100, 0, @GOSSIP_MENU+1, 11, 0, 0, 62, 0, 0, 0, 0, 0, 0, 7, 0, 0, 0, -7527.05, -1226.77, 285.732, 5.29626, 'Teleporter script'),
(@ENTRY, 0, 25, 0, 62, 0, 100, 0, @GOSSIP_MENU+1, 12, 0, 0, 62, 1, 0, 0, 0, 0, 0, 7, 0, 0, 0, -3520.14, 1119.38, 161.025, 4.70454, 'Teleporter script'),
(@ENTRY, 0, 26, 0, 62, 0, 100, 0, @GOSSIP_MENU+1, 13, 0, 0, 62, 1, 0, 0, 0, 0, 0, 7, 0, 0, 0, -1421.42, 2907.83, 137.415, 1.70718, 'Teleporter script'),
(@ENTRY, 0, 27, 0, 62, 0, 100, 0, @GOSSIP_MENU+1, 14, 0, 0, 62, 0, 0, 0, 0, 0, 0, 7, 0, 0, 0, 1269.64, -2556.21, 93.6088, 0.620623, 'Teleporter script'),
(@ENTRY, 0, 28, 0, 62, 0, 100, 0, @GOSSIP_MENU+1, 15, 0, 0, 62, 0, 0, 0, 0, 0, 0, 7, 0, 0, 0, 3352.92, -3379.03, 144.782, 6.25978, 'Teleporter script'),
(@ENTRY, 0, 29, 0, 62, 0, 100, 0, @GOSSIP_MENU+1, 16, 0, 0, 62, 0, 0, 0, 0, 0, 0, 7, 0, 0, 0, -10177.9, -3994.9, -111.239, 6.01885, 'Teleporter script'),
(@ENTRY, 0, 30, 0, 62, 0, 100, 0, @GOSSIP_MENU+1, 17, 0, 0, 62, 0, 0, 0, 0, 0, 0, 7, 0, 0, 0, -6071.37, -2955.16, 209.782, 0.015708, 'Teleporter script'),
(@ENTRY, 0, 31, 0, 62, 0, 100, 0, @GOSSIP_MENU+1, 18, 0, 0, 62, 1, 0, 0, 0, 0, 0, 7, 0, 0, 0, -6801.19, -2893.02, 9.00388, 0.158639, 'Teleporter script'),
(@ENTRY, 0, 32, 0, 62, 0, 100, 0, @GOSSIP_MENU+2, 0, 0, 0, 62, 530, 0, 0, 0, 0, 0, 7, 0, 0, 0, -3324.49, 4943.45, -101.239, 4.63901, 'Teleporter script'),
(@ENTRY, 0, 33, 0, 62, 0, 100, 0, @GOSSIP_MENU+2, 1, 0, 0, 62, 1, 0, 0, 0, 0, 0, 7, 0, 0, 0, -8369.65, -4253.11, -204.272, -2.70526, 'Teleporter script'),
(@ENTRY, 0, 34, 0, 62, 0, 100, 0, @GOSSIP_MENU+2, 2, 0, 0, 62, 530, 0, 0, 0, 0, 0, 7, 0, 0, 0, 738.865, 6865.77, -69.4659, 6.27655, 'Teleporter script'),
(@ENTRY, 0, 35, 0, 62, 0, 100, 0, @GOSSIP_MENU+2, 3, 0, 0, 62, 530, 0, 0, 0, 0, 0, 7, 0, 0, 0, -347.29, 3089.82, 21.394, 5.68114, 'Teleporter script'),
(@ENTRY, 0, 36, 0, 62, 0, 100, 0, @GOSSIP_MENU+2, 4, 0, 0, 62, 530, 0, 0, 0, 0, 0, 7, 0, 0, 0, 12884.6, -7317.69, 65.5023, 4.799, 'Teleporter script'),
(@ENTRY, 0, 37, 0, 62, 0, 100, 0, @GOSSIP_MENU+2, 5, 0, 0, 62, 530, 0, 0, 0, 0, 0, 7, 0, 0, 0, 3100.48, 1536.49, 190.3, 4.62226, 'Teleporter script'),
(@ENTRY, 0, 38, 0, 62, 0, 100, 0, @GOSSIP_MENU+3, 0, 0, 0, 62, 571, 0, 0, 0, 0, 0, 7, 0, 0, 0, 3707.86, 2150.23, 36.76, 3.22, 'Teleporter script'),
(@ENTRY, 0, 39, 0, 62, 0, 100, 0, @GOSSIP_MENU+3, 1, 0, 0, 62, 1, 0, 0, 0, 0, 0, 7, 0, 0, 0, -8756.39, -4440.68, -199.489, 4.66289, 'Teleporter script'),
(@ENTRY, 0, 40, 0, 62, 0, 100, 0, @GOSSIP_MENU+3, 2, 0, 0, 62, 571, 0, 0, 0, 0, 0, 7, 0, 0, 0, 8590.95, 791.792, 558.235, 3.13127, 'Teleporter script'),
(@ENTRY, 0, 41, 0, 62, 0, 100, 0, @GOSSIP_MENU+3, 3, 0, 0, 62, 571, 0, 0, 0, 0, 0, 7, 0, 0, 0, 4765.59, -2038.24, 229.363, 0.887627, 'Teleporter script'),
(@ENTRY, 0, 42, 0, 62, 0, 100, 0, @GOSSIP_MENU+3, 4, 0, 0, 62, 571, 0, 0, 0, 0, 0, 7, 0, 0, 0, 6722.44, -4640.67, 450.632, 3.91123, 'Teleporter script'),
(@ENTRY, 0, 43, 0, 62, 0, 100, 0, @GOSSIP_MENU+3, 5, 0, 0, 62, 571, 0, 0, 0, 0, 0, 7, 0, 0, 0, 5643.16, 2028.81, 798.274, 4.60242, 'Teleporter script'),
(@ENTRY, 0, 44, 0, 62, 0, 100, 0, @GOSSIP_MENU+3, 6, 0, 0, 62, 571, 0, 0, 0, 0, 0, 7, 0, 0, 0, 3782.89, 6965.23, 105.088, 6.14194, 'Teleporter script'),
(@ENTRY, 0, 45, 0, 62, 0, 100, 0, @GOSSIP_MENU+3, 7, 0, 0, 62, 571, 0, 0, 0, 0, 0, 7, 0, 0, 0, 5693.08, 502.588, 652.672, 4.0229, 'Teleporter script'),
(@ENTRY, 0, 46, 0, 62, 0, 100, 0, @GOSSIP_MENU+3, 8, 0, 0, 62, 571, 0, 0, 0, 0, 0, 7, 0, 0, 0, 9136.52, -1311.81, 1066.29, 5.19113, 'Teleporter script'),
(@ENTRY, 0, 47, 0, 62, 0, 100, 0, @GOSSIP_MENU+3, 9, 0, 0, 62, 571, 0, 0, 0, 0, 0, 7, 0, 0, 0, 8922.12, -1009.16, 1039.56, 1.57044, 'Teleporter script'),
(@ENTRY, 0, 48, 0, 62, 0, 100, 0, @GOSSIP_MENU+3, 10, 0, 0, 62, 571, 0, 0, 0, 0, 0, 7, 0, 0, 0, 1203.41, -4868.59, 41.2486, 0.283237, 'Teleporter script'),
(@ENTRY, 0, 49, 0, 62, 0, 100, 0, @GOSSIP_MENU+3, 11, 0, 0, 62, 571, 0, 0, 0, 0, 0, 7, 0, 0, 0, 1267.24, -4857.3, 215.764, 3.22768, 'Teleporter script'),
(@ENTRY, 0, 50, 0, 62, 0, 100, 0, @GOSSIP_MENU+4, 0, 0, 0, 62, 530, 0, 0, 0, 0, 0, 7, 0, 0, 0, -3649.92, 317.469, 35.2827, 2.94285, 'Teleporter script'),
(@ENTRY, 0, 51, 0, 62, 0, 100, 0, @GOSSIP_MENU+4, 1, 0, 0, 62, 229, 0, 0, 0, 0, 0, 7, 0, 0, 0, 152.451, -474.881, 116.84, 0.001073, 'Teleporter script'),
(@ENTRY, 0, 52, 0, 62, 0, 100, 0, @GOSSIP_MENU+4, 2, 0, 0, 62, 1, 0, 0, 0, 0, 0, 7, 0, 0, 0, -8177.89, -4181.23, -167.552, 0.913338, 'Teleporter script'),
(@ENTRY, 0, 53, 0, 62, 0, 100, 0, @GOSSIP_MENU+4, 3, 0, 0, 62, 530, 0, 0, 0, 0, 0, 7, 0, 0, 0, 797.855, 6865.77, -65.4165, 0.005938, 'Teleporter script'),
(@ENTRY, 0, 54, 0, 62, 0, 100, 0, @GOSSIP_MENU+4, 4, 0, 0, 62, 571, 0, 0, 0, 0, 0, 7, 0, 0, 0, 8515.61, 714.153, 558.248, 1.57753, 'Teleporter script'),
(@ENTRY, 0, 55, 0, 62, 0, 100, 0, @GOSSIP_MENU+4, 5, 0, 0, 62, 530, 0, 0, 0, 0, 0, 7, 0, 0, 0, 3530.06, 5104.08, 3.50861, 5.51117, 'Teleporter script'),
(@ENTRY, 0, 56, 0, 62, 0, 100, 0, @GOSSIP_MENU+4, 6, 0, 0, 62, 530, 0, 0, 0, 0, 0, 7, 0, 0, 0, -336.411, 3130.46, -102.928, 5.20322, 'Teleporter script'),
(@ENTRY, 0, 57, 0, 62, 0, 100, 0, @GOSSIP_MENU+4, 7, 0, 0, 62, 571, 0, 0, 0, 0, 0, 7, 0, 0, 0, 5855.22, 2102.03, 635.991, 3.57899, 'Teleporter script'),
(@ENTRY, 0, 58, 0, 62, 0, 100, 0, @GOSSIP_MENU+4, 8, 0, 0, 62, 0, 0, 0, 0, 0, 0, 7, 0, 0, 0, -11118.9, -2010.33, 47.0819, 0.649895, 'Teleporter script'),
(@ENTRY, 0, 59, 0, 62, 0, 100, 0, @GOSSIP_MENU+4, 9, 0, 0, 62, 230, 0, 0, 0, 0, 0, 7, 0, 0, 0, 1126.64, -459.94, -102.535, 3.46095, 'Teleporter script'),
(@ENTRY, 0, 60, 0, 62, 0, 100, 0, @GOSSIP_MENU+4, 10, 0, 0, 62, 571, 0, 0, 0, 0, 0, 7, 0, 0, 0, 3668.72, -1262.46, 243.622, 4.785, 'Teleporter script'),
(@ENTRY, 0, 61, 0, 62, 0, 100, 0, @GOSSIP_MENU+4, 11, 0, 0, 62, 1, 0, 0, 0, 0, 0, 7, 0, 0, 0, -4708.27, -3727.64, 54.5589, 3.72786, 'Teleporter script'),
(@ENTRY, 0, 62, 0, 62, 0, 100, 0, @GOSSIP_MENU+4, 12, 0, 0, 62, 1, 0, 0, 0, 0, 0, 7, 0, 0, 0, -8409.82, 1499.06, 27.7179, 2.51868, 'Teleporter script'),
(@ENTRY, 0, 63, 0, 62, 0, 100, 0, @GOSSIP_MENU+4, 13, 0, 0, 62, 530, 0, 0, 0, 0, 0, 7, 0, 0, 0, 12574.1, -6774.81, 15.0904, 3.13788, 'Teleporter script'),
(@ENTRY, 0, 64, 0, 62, 0, 100, 0, @GOSSIP_MENU+4, 14, 0, 0, 62, 530, 0, 0, 0, 0, 0, 7, 0, 0, 0, 3088.49, 1381.57, 184.863, 4.61973, 'Teleporter script'),
(@ENTRY, 0, 65, 0, 62, 0, 100, 0, @GOSSIP_MENU+4, 15, 0, 0, 62, 1, 0, 0, 0, 0, 0, 7, 0, 0, 0, -8240.09, 1991.32, 129.072, 0.941603, 'Teleporter script'),
(@ENTRY, 0, 66, 0, 62, 0, 100, 0, @GOSSIP_MENU+4, 16, 0, 0, 62, 571, 0, 0, 0, 0, 0, 7, 0, 0, 0, 3784.17, 7028.84, 161.258, 5.79993, 'Teleporter script'),
(@ENTRY, 0, 67, 0, 62, 0, 100, 0, @GOSSIP_MENU+4, 17, 0, 0, 62, 571, 0, 0, 0, 0, 0, 7, 0, 0, 0, 3472.43, 264.923, -120.146, 3.27923, 'Teleporter script'),
(@ENTRY, 0, 68, 0, 62, 0, 100, 0, @GOSSIP_MENU+4, 18, 0, 0, 62, 571, 0, 0, 0, 0, 0, 7, 0, 0, 0, 9222.88, -1113.59, 1216.12, 6.27549, 'Teleporter script'),
(@ENTRY, 0, 69, 0, 62, 0, 100, 0, @GOSSIP_MENU+4, 19, 0, 0, 62, 571, 0, 0, 0, 0, 0, 7, 0, 0, 0, 5453.72, 2840.79, 421.28, 0, 'Teleporter script'),
(@ENTRY, 0, 70, 0, 62, 0, 100, 0, @GOSSIP_MENU+4, 21, 0, 0, 62, 0, 0, 0, 0, 0, 0, 7, 0, 0, 0, -11916.7, -1215.72, 92.289, 4.72454, 'Teleporter script'),
(@ENTRY, 0, 71, 0, 62, 0, 100, 0, @GOSSIP_MENU+4, 22, 0, 0, 62, 530, 0, 0, 0, 0, 0, 7, 0, 0, 0, 6851.78, -7972.57, 179.242, 4.64691, 'Teleporter script'),
(@ENTRY, 0, 72, 0, 62, 0, 100, 0, @GOSSIP_MENU+5, 0, 0, 0, 62, 0, 0, 0, 0, 0, 0, 7, 0, 0, 0, -9449.06, 64.8392, 56.3581, 3.07047, 'Teleporter script'),
(@ENTRY, 0, 73, 0, 62, 0, 100, 0, @GOSSIP_MENU+5, 1, 0, 0, 62, 530, 0, 0, 0, 0, 0, 7, 0, 0, 0, 9024.37, -6682.55, 16.8973, 3.14131, 'Teleporter script'),
(@ENTRY, 0, 74, 0, 62, 0, 100, 0, @GOSSIP_MENU+5, 2, 0, 0, 62, 0, 0, 0, 0, 0, 0, 7, 0, 0, 0, -5603.76, -482.704, 396.98, 5.23499, 'Teleporter script'),
(@ENTRY, 0, 75, 0, 62, 0, 100, 0, @GOSSIP_MENU+5, 3, 0, 0, 62, 0, 0, 0, 0, 0, 0, 7, 0, 0, 0, 2274.95, 323.918, 34.1137, 4.24367, 'Teleporter script'),
(@ENTRY, 0, 76, 0, 62, 0, 100, 0, @GOSSIP_MENU+5, 4, 0, 0, 62, 530, 0, 0, 0, 0, 0, 7, 0, 0, 0, 7595.73, -6819.6, 84.3718, 2.56561, 'Teleporter script'),
(@ENTRY, 0, 77, 0, 62, 0, 100, 0, @GOSSIP_MENU+5, 5, 0, 0, 62, 0, 0, 0, 0, 0, 0, 7, 0, 0, 0, -5405.85, -2894.15, 341.972, 5.48238, 'Teleporter script'),
(@ENTRY, 0, 78, 0, 62, 0, 100, 0, @GOSSIP_MENU+5, 6, 0, 0, 62, 0, 0, 0, 0, 0, 0, 7, 0, 0, 0, 505.126, 1504.63, 124.808, 1.77987, 'Teleporter script'),
(@ENTRY, 0, 79, 0, 62, 0, 100, 0, @GOSSIP_MENU+5, 7, 0, 0, 62, 0, 0, 0, 0, 0, 0, 7, 0, 0, 0, -10684.9, 1033.63, 32.5389, 6.07384, 'Teleporter script'),
(@ENTRY, 0, 80, 0, 62, 0, 100, 0, @GOSSIP_MENU+5, 8, 0, 0, 62, 0, 0, 0, 0, 0, 0, 7, 0, 0, 0, -9447.8, -2270.85, 71.8224, 0.283853, 'Teleporter script'),
(@ENTRY, 0, 81, 0, 62, 0, 100, 0, @GOSSIP_MENU+5, 9, 0, 0, 62, 0, 0, 0, 0, 0, 0, 7, 0, 0, 0, -10531.7, -1281.91, 38.8647, 1.56959, 'Teleporter script'),
(@ENTRY, 0, 82, 0, 62, 0, 100, 0, @GOSSIP_MENU+5, 10, 0, 0, 62, 0, 0, 0, 0, 0, 0, 7, 0, 0, 0, -385.805, -787.954, 54.6655, 1.03926, 'Teleporter script'),
(@ENTRY, 0, 83, 0, 62, 0, 100, 0, @GOSSIP_MENU+5, 11, 0, 0, 62, 0, 0, 0, 0, 0, 0, 7, 0, 0, 0, -3517.75, -913.401, 8.86625, 2.60705, 'Teleporter script'),
(@ENTRY, 0, 84, 0, 62, 0, 100, 0, @GOSSIP_MENU+5, 12, 0, 0, 62, 0, 0, 0, 0, 0, 0, 7, 0, 0, 0, 275.049, -652.044, 130.296, 0.502032, 'Teleporter script'),
(@ENTRY, 0, 85, 0, 62, 0, 100, 0, @GOSSIP_MENU+5, 13, 0, 0, 62, 0, 0, 0, 0, 0, 0, 7, 0, 0, 0, -1581.45, -2704.06, 35.4168, 0.490373, 'Teleporter script'),
(@ENTRY, 0, 86, 0, 62, 0, 100, 0, @GOSSIP_MENU+5, 14, 0, 0, 62, 0, 0, 0, 0, 0, 0, 7, 0, 0, 0, -11921.7, -59.544, 39.7262, 3.73574, 'Teleporter script'),
(@ENTRY, 0, 87, 0, 62, 0, 100, 0, @GOSSIP_MENU+5, 15, 0, 0, 62, 0, 0, 0, 0, 0, 0, 7, 0, 0, 0, -6782.56, -3128.14, 240.48, 5.65912, 'Teleporter script'),
(@ENTRY, 0, 88, 0, 62, 0, 100, 0, @GOSSIP_MENU+5, 16, 0, 0, 62, 0, 0, 0, 0, 0, 0, 7, 0, 0, 0, -10368.6, -2731.3, 21.6537, 5.29238, 'Teleporter script'),
(@ENTRY, 0, 89, 0, 62, 0, 100, 0, @GOSSIP_MENU+5, 17, 0, 0, 62, 0, 0, 0, 0, 0, 0, 7, 0, 0, 0, 112.406, -3929.74, 136.358, 0.981903, 'Teleporter script'),
(@ENTRY, 0, 90, 0, 62, 0, 100, 0, @GOSSIP_MENU+5, 18, 0, 0, 62, 0, 0, 0, 0, 0, 0, 7, 0, 0, 0, -6686.33, -1198.55, 240.027, 0.916887, 'Teleporter script'),
(@ENTRY, 0, 91, 0, 62, 0, 100, 0, @GOSSIP_MENU+5, 19, 0, 0, 62, 0, 0, 0, 0, 0, 0, 7, 0, 0, 0, -11184.7, -3019.31, 7.29238, 3.20542, 'Teleporter script'),
(@ENTRY, 0, 92, 0, 62, 0, 100, 0, @GOSSIP_MENU+5, 20, 0, 0, 62, 0, 0, 0, 0, 0, 0, 7, 0, 0, 0, -7979.78, -2105.72, 127.919, 5.10148, 'Teleporter script'),
(@ENTRY, 0, 93, 0, 62, 0, 100, 0, @GOSSIP_MENU+5, 21, 0, 0, 62, 0, 0, 0, 0, 0, 0, 7, 0, 0, 0, 1743.69, -1723.86, 59.6648, 5.23722, 'Teleporter script'),
(@ENTRY, 0, 94, 0, 62, 0, 100, 0, @GOSSIP_MENU+5, 22, 0, 0, 62, 0, 0, 0, 0, 0, 0, 7, 0, 0, 0, 2280.64, -5275.05, 82.0166, 4.7479, 'Teleporter script'),
(@ENTRY, 0, 95, 0, 62, 0, 100, 0, @GOSSIP_MENU+5, 23, 0, 0, 62, 530, 0, 0, 0, 0, 0, 7, 0, 0, 0, 12806.5, -6911.11, 41.1156, 2.22935, 'Teleporter script'),
(@ENTRY, 0, 96, 0, 62, 0, 100, 0, @GOSSIP_MENU+6, 0, 0, 0, 62, 530, 0, 0, 0, 0, 0, 7, 0, 0, 0, -4192.62, -12576.7, 36.7598, 1.62813, 'Teleporter script'),
(@ENTRY, 0, 97, 0, 62, 0, 100, 0, @GOSSIP_MENU+6, 1, 0, 0, 62, 1, 0, 0, 0, 0, 0, 7, 0, 0, 0, 9889.03, 915.869, 1307.43, 1.9336, 'Teleporter script'),
(@ENTRY, 0, 98, 0, 62, 0, 100, 0, @GOSSIP_MENU+6, 2, 0, 0, 62, 1, 0, 0, 0, 0, 0, 7, 0, 0, 0, 228.978, -4741.87, 10.1027, 0.416883, 'Teleporter script'),
(@ENTRY, 0, 99, 0, 62, 0, 100, 0, @GOSSIP_MENU+6, 3, 0, 0, 62, 1, 0, 0, 0, 0, 0, 7, 0, 0, 0, -2473.87, -501.225, -9.42465, 0.6525, 'Teleporter script'),
(@ENTRY, 0, 100, 0, 62, 0, 100, 0, @GOSSIP_MENU+6, 4, 0, 0, 62, 530, 0, 0, 0, 0, 0, 7, 0, 0, 0, -2095.7, -11841.1, 51.1557, 6.19288, 'Teleporter script'),
(@ENTRY, 0, 101, 0, 62, 0, 100, 0, @GOSSIP_MENU+6, 5, 0, 0, 62, 1, 0, 0, 0, 0, 0, 7, 0, 0, 0, 6463.25, 683.986, 8.92792, 4.33534, 'Teleporter script'),
(@ENTRY, 0, 102, 0, 62, 0, 100, 0, @GOSSIP_MENU+6, 6, 0, 0, 62, 1, 0, 0, 0, 0, 0, 7, 0, 0, 0, -575.772, -2652.45, 95.6384, 0.006469, 'Teleporter script'),
(@ENTRY, 0, 103, 0, 62, 0, 100, 0, @GOSSIP_MENU+6, 7, 0, 0, 62, 1, 0, 0, 0, 0, 0, 7, 0, 0, 0, 1574.89, 1031.57, 137.442, 3.8013, 'Teleporter script'),
(@ENTRY, 0, 104, 0, 62, 0, 100, 0, @GOSSIP_MENU+6, 8, 0, 0, 62, 1, 0, 0, 0, 0, 0, 7, 0, 0, 0, 1919.77, -2169.68, 94.6729, 6.14177, 'Teleporter script'),
(@ENTRY, 0, 105, 0, 62, 0, 100, 0, @GOSSIP_MENU+6, 9, 0, 0, 62, 1, 0, 0, 0, 0, 0, 7, 0, 0, 0, -5375.53, -2509.2, -40.432, 2.41885, 'Teleporter script'),
(@ENTRY, 0, 106, 0, 62, 0, 100, 0, @GOSSIP_MENU+6, 10, 0, 0, 62, 1, 0, 0, 0, 0, 0, 7, 0, 0, 0, -656.056, 1510.12, 88.3746, 3.29553, 'Teleporter script'),
(@ENTRY, 0, 107, 0, 62, 0, 100, 0, @GOSSIP_MENU+6, 11, 0, 0, 62, 1, 0, 0, 0, 0, 0, 7, 0, 0, 0, -3350.12, -3064.85, 33.0364, 5.12666, 'Teleporter script'),
(@ENTRY, 0, 108, 0, 62, 0, 100, 0, @GOSSIP_MENU+6, 12, 0, 0, 62, 1, 0, 0, 0, 0, 0, 7, 0, 0, 0, -4808.31, 1040.51, 103.769, 2.90655, 'Teleporter script'),
(@ENTRY, 0, 109, 0, 62, 0, 100, 0, @GOSSIP_MENU+6, 13, 0, 0, 62, 1, 0, 0, 0, 0, 0, 7, 0, 0, 0, -6940.91, -3725.7, 48.9381, 3.11174, 'Teleporter script'),
(@ENTRY, 0, 110, 0, 62, 0, 100, 0, @GOSSIP_MENU+6, 14, 0, 0, 62, 1, 0, 0, 0, 0, 0, 7, 0, 0, 0, 3117.12, -4387.97, 91.9059, 5.49897, 'Teleporter script'),
(@ENTRY, 0, 111, 0, 62, 0, 100, 0, @GOSSIP_MENU+6, 15, 0, 0, 62, 1, 0, 0, 0, 0, 0, 7, 0, 0, 0, 3898.8, -1283.33, 220.519, 6.24307, 'Teleporter script'),
(@ENTRY, 0, 112, 0, 62, 0, 100, 0, @GOSSIP_MENU+6, 16, 0, 0, 62, 1, 0, 0, 0, 0, 0, 7, 0, 0, 0, -6291.55, -1158.62, -258.138, 0.457099, 'Teleporter script'),
(@ENTRY, 0, 113, 0, 62, 0, 100, 0, @GOSSIP_MENU+6, 17, 0, 0, 62, 1, 0, 0, 0, 0, 0, 7, 0, 0, 0, -6815.25, 730.015, 40.9483, 2.39066, 'Teleporter script'),
(@ENTRY, 0, 114, 0, 62, 0, 100, 0, @GOSSIP_MENU+6, 18, 0, 0, 62, 1, 0, 0, 0, 0, 0, 7, 0, 0, 0, 6658.57, -4553.48, 718.019, 5.18088, 'Teleporter script'),
(@ENTRY, 0, 115, 0, 62, 0, 100, 0, @GOSSIP_MENU+7, 0, 0, 0, 62, 530, 0, 0, 0, 0, 0, 7, 0, 0, 0, -207.335, 2035.92, 96.464, 1.59676, 'Teleporter script'),
(@ENTRY, 0, 116, 0, 62, 0, 100, 0, @GOSSIP_MENU+7, 1, 0, 0, 62, 530, 0, 0, 0, 0, 0, 7, 0, 0, 0, -220.297, 5378.58, 23.3223, 1.61718, 'Teleporter script'),
(@ENTRY, 0, 117, 0, 62, 0, 100, 0, @GOSSIP_MENU+7, 2, 0, 0, 62, 530, 0, 0, 0, 0, 0, 7, 0, 0, 0, -2266.23, 4244.73, 1.47728, 3.68426, 'Teleporter script'),
(@ENTRY, 0, 118, 0, 62, 0, 100, 0, @GOSSIP_MENU+7, 3, 0, 0, 62, 530, 0, 0, 0, 0, 0, 7, 0, 0, 0, -1610.85, 7733.62, -17.2773, 1.33522, 'Teleporter script'),
(@ENTRY, 0, 119, 0, 62, 0, 100, 0, @GOSSIP_MENU+7, 4, 0, 0, 62, 530, 0, 0, 0, 0, 0, 7, 0, 0, 0, 2029.75, 6232.07, 133.495, 1.30395, 'Teleporter script'),
(@ENTRY, 0, 120, 0, 62, 0, 100, 0, @GOSSIP_MENU+7, 5, 0, 0, 62, 530, 0, 0, 0, 0, 0, 7, 0, 0, 0, 3271.2, 3811.61, 143.153, 3.44101, 'Teleporter script'),
(@ENTRY, 0, 121, 0, 62, 0, 100, 0, @GOSSIP_MENU+7, 6, 0, 0, 62, 530, 0, 0, 0, 0, 0, 7, 0, 0, 0, -3681.01, 2350.76, 76.587, 4.25995, 'Teleporter script'),
(@ENTRY, 0, 122, 0, 62, 0, 100, 0, @GOSSIP_MENU+8, 0, 0, 0, 62, 571, 0, 0, 0, 0, 0, 7, 0, 0, 0, 2954.24, 5379.13, 60.4538, 2.55544, 'Teleporter script'),
(@ENTRY, 0, 123, 0, 62, 0, 100, 0, @GOSSIP_MENU+8, 1, 0, 0, 62, 571, 0, 0, 0, 0, 0, 7, 0, 0, 0, 682.848, -3978.3, 230.161, 1.54207, 'Teleporter script'),
(@ENTRY, 0, 124, 0, 62, 0, 100, 0, @GOSSIP_MENU+8, 2, 0, 0, 62, 571, 0, 0, 0, 0, 0, 7, 0, 0, 0, 2678.17, 891.826, 4.37494, 0.101121, 'Teleporter script'),
(@ENTRY, 0, 125, 0, 62, 0, 100, 0, @GOSSIP_MENU+8, 3, 0, 0, 62, 571, 0, 0, 0, 0, 0, 7, 0, 0, 0, 4017.35, -3403.85, 290, 5.35431, 'Teleporter script'),
(@ENTRY, 0, 126, 0, 62, 0, 100, 0, @GOSSIP_MENU+8, 4, 0, 0, 62, 571, 0, 0, 0, 0, 0, 7, 0, 0, 0, 5560.23, -3211.66, 371.709, 5.55055, 'Teleporter script'),
(@ENTRY, 0, 127, 0, 62, 0, 100, 0, @GOSSIP_MENU+8, 5, 0, 0, 62, 571, 0, 0, 0, 0, 0, 7, 0, 0, 0, 5614.67, 5818.86, -69.722, 3.60807, 'Teleporter script'),
(@ENTRY, 0, 128, 0, 62, 0, 100, 0, @GOSSIP_MENU+8, 6, 0, 0, 62, 571, 0, 0, 0, 0, 0, 7, 0, 0, 0, 5411.17, -966.37, 167.082, 1.57167, 'Teleporter script'),
(@ENTRY, 0, 129, 0, 62, 0, 100, 0, @GOSSIP_MENU+8, 7, 0, 0, 62, 571, 0, 0, 0, 0, 0, 7, 0, 0, 0, 6120.46, -1013.89, 408.39, 5.12322, 'Teleporter script'),
(@ENTRY, 0, 130, 0, 62, 0, 100, 0, @GOSSIP_MENU+8, 8, 0, 0, 62, 571, 0, 0, 0, 0, 0, 7, 0, 0, 0, 8323.28, 2763.5, 655.093, 2.87223, 'Teleporter script'),
(@ENTRY, 0, 131, 0, 62, 0, 100, 0, @GOSSIP_MENU+8, 9, 0, 0, 62, 571, 0, 0, 0, 0, 0, 7, 0, 0, 0, 4522.23, 2828.01, 389.975, 0.215009, 'Teleporter script');